iter	RMSE
0	1.767616454
1	1.587812595
2	1.516891599
3	1.483158014
4	1.46820675
5	1.450957552
6	1.438019523
7	1.432571824
8	1.427515406
9	1.414430557
10	1.409569686
11	1.399459551
12	1.394478461
13	1.388869301
14	1.383148377
15	1.378474293
16	1.374166472
17	1.366200342
18	1.360786103
19	1.356522038
20	1.35330654
21	1.349790298
22	1.346580177
23	1.341591613
24	1.33784582
25	1.335079113
26	1.333207133
27	1.331325079
28	1.329124009
29	1.324864261
